dept,code,system_en,system_vi,system_zh,typical_rank,item_no,check_item,target_level,reached_level,status,evidence_ref,remarks
DECK,D01,"Hull external, draft marks and load line marks","Vỏ tàu bên ngoài, thước nước, dấu mạn khô",船体外部、吃水标志及载重线标志,Chief Officer,D01.1,Last dry-docking / hull survey record and Class hull items reviewed,DOC,,,,
DECK,D01,"Hull external, draft marks and load line marks","Vỏ tàu bên ngoài, thước nước, dấu mạn khô",船体外部、吃水标志及载重线标志,Chief Officer,D01.2,"Recorded hull damage, temporary repairs or doublers reviewed",DOC,,,,
DECK,D01,"Hull external, draft marks and load line marks","Vỏ tàu bên ngoài, thước nước, dấu mạn khô",船体外部、吃水标志及载重线标志,Chief Officer,D01.3,Draft marks forward / midship / aft legible both sides,SEEN,,,,
DECK,D01,"Hull external, draft marks and load line marks","Vỏ tàu bên ngoài, thước nước, dấu mạn khô",船体外部、吃水标志及载重线标志,Chief Officer,D01.4,Load line marks and deck line legible both sides,SEEN,,,,
DECK,D01,"Hull external, draft marks and load line marks","Vỏ tàu bên ngoài, thước nước, dấu mạn khô",船体外部、吃水标志及载重线标志,Chief Officer,D01.5,"Visible shell plating condition: indentations, cracks, heavy corrosion, coating breakdown",SEEN,,,,
DECK,D01,"Hull external, draft marks and load line marks","Vỏ tàu bên ngoài, thước nước, dấu mạn khô",船体外部、吃水标志及载重线标志,Chief Officer,D01.6,Fresh localized painting or welding on shell recorded with location,SEEN,,,,
DECK,D01,"Hull external, draft marks and load line marks","Vỏ tàu bên ngoài, thước nước, dấu mạn khô",船体外部、吃水标志及载重线标志,Chief Officer,D01.7,Overboard discharges and sea-chest gratings visible above waterline,SEEN,,,,
DECK,D01,"Hull external, draft marks and load line marks","Vỏ tàu bên ngoài, thước nước, dấu mạn khô",船体外部、吃水标志及载重线标志,Chief Officer,D01.8,"Name, port of registry and IMO number markings present",INSPECTED,,,,
DECK,D01,"Hull external, draft marks and load line marks","Vỏ tàu bên ngoài, thước nước, dấu mạn khô",船体外部、吃水标志及载重线标志,Chief Officer,D01.9,Draft readings taken and compared with loading computer / cargo documents,TESTED,,,,
DECK,D02,Cargo holds,Hầm hàng,货舱,Chief Officer,D02.1,Hold survey / thickness measurement records and Class notations reviewed,DOC,,,,
DECK,D02,Cargo holds,Hầm hàng,货舱,Chief Officer,D02.2,Previous cargoes and hold cleaning records reviewed,DOC,,,,
DECK,D02,Cargo holds,Hầm hàng,货舱,Chief Officer,D02.3,"Frames, brackets, side shell, hopper and topside tank plating: deformation, cracks, corrosion",SEEN,,,,
DECK,D02,Cargo holds,Hầm hàng,货舱,Chief Officer,D02.4,"Tank top condition: indentations, grab damage, pitting",SEEN,,,,
DECK,D02,Cargo holds,Hầm hàng,货舱,Chief Officer,D02.5,"Bulkheads, stools and corrugations condition",SEEN,,,,
DECK,D02,Cargo holds,Hầm hàng,货舱,Chief Officer,D02.6,"Access ladders, platforms and handrails secured and not wasted",INSPECTED,,,,
DECK,D02,Cargo holds,Hầm hàng,货舱,Chief Officer,D02.7,Bilge wells: strum boxes / covers present and clean,INSPECTED,,,,
DECK,D02,Cargo holds,Hầm hàng,货舱,Chief Officer,D02.8,"Hold lighting, ventilation openings and fixtures",INSPECTED,,,,
DECK,D02,Cargo holds,Hầm hàng,货舱,Chief Officer,D02.9,Hold bilge suction tested by pumping out where authorized,TESTED,,,,
DECK,D02,Cargo holds,Hầm hàng,货舱,Chief Officer,D02.10,Water ingress / bilge level alarms tested by approved method where fitted (see T11),TESTED,,,,
DECK,D03,Hatch covers and coamings,Nắp hầm hàng và thành quây,舱盖及舱口围,Chief Officer,D03.1,"Maker manual, maintenance and hose-test / ultrasonic test records reviewed",DOC,,,,
DECK,D03,Hatch covers and coamings,Nắp hầm hàng và thành quây,舱盖及舱口围,Chief Officer,D03.2,"Panels: plating, stiffeners, top plating deformation, corrosion",SEEN,,,,
DECK,D03,Hatch covers and coamings,Nắp hầm hàng và thành quây,舱盖及舱口围,Chief Officer,D03.3,"Rubber packing: continuity, hardening, permanent set, missing sections",INSPECTED,,,,
DECK,D03,Hatch covers and coamings,Nắp hầm hàng và thành quây,舱盖及舱口围,Chief Officer,D03.4,"Compression bars, cleats, wedges, cross-joint seals",INSPECTED,,,,
DECK,D03,Hatch covers and coamings,Nắp hầm hàng và thành quây,舱盖及舱口围,Chief Officer,D03.5,"Coamings, coaming top plate and drain channels / non-return valves",INSPECTED,,,,
DECK,D03,Hatch covers and coamings,Nắp hầm hàng và thành quây,舱盖及舱口围,Chief Officer,D03.6,"Wheels, rails, stoppers and securing devices",INSPECTED,,,,
DECK,D03,Hatch covers and coamings,Nắp hầm hàng và thành quây,舱盖及舱口围,Chief Officer,D03.7,Opening and closing operated in normal sequence,TESTED,,,,
DECK,D03,Hatch covers and coamings,Nắp hầm hàng và thành quây,舱盖及舱口围,Chief Officer,D03.8,Weathertightness verified by hose test or ultrasonic test (method per company/maker),PERF,,,,
DECK,D04,Hatch cover hydraulic / drive system,Hệ thống thủy lực / truyền động nắp hầm,舱盖液压/驱动系统,Chief Officer / Engineer in charge,D04.1,Hydraulic oil analysis / change history reviewed,DOC,,,,
DECK,D04,Hatch cover hydraulic / drive system,Hệ thống thủy lực / truyền động nắp hầm,舱盖液压/驱动系统,Chief Officer / Engineer in charge,D04.2,"Power pack: oil level, leakage, filter indicators, motor condition",INSPECTED,,,,
DECK,D04,Hatch cover hydraulic / drive system,Hệ thống thủy lực / truyền động nắp hầm,舱盖液压/驱动系统,Chief Officer / Engineer in charge,D04.3,"Hoses and pipes: chafing, ageing, leaks, temporary clamps",INSPECTED,,,,
DECK,D04,Hatch cover hydraulic / drive system,Hệ thống thủy lực / truyền động nắp hầm,舱盖液压/驱动系统,Chief Officer / Engineer in charge,D04.4,"Cylinders: rod condition, seal leakage",INSPECTED,,,,
DECK,D04,Hatch cover hydraulic / drive system,Hệ thống thủy lực / truyền động nắp hầm,舱盖液压/驱动系统,Chief Officer / Engineer in charge,D04.5,Pumps started; each hatch operated,TESTED,,,,
DECK,D04,Hatch cover hydraulic / drive system,Hệ thống thủy lực / truyền động nắp hầm,舱盖液压/驱动系统,Chief Officer / Engineer in charge,D04.6,Local and remote controls / emergency stop tested,TESTED,,,,
DECK,D04,Hatch cover hydraulic / drive system,Hệ thống thủy lực / truyền động nắp hầm,舱盖液压/驱动系统,Chief Officer / Engineer in charge,D04.7,System pressure during operation compared with maker value (maker value: TBD per manual),PERF,,,,
DECK,D05,"Cargo cranes, derricks and grabs","Cẩu hàng, cần cẩu, gàu ngoạm",货物起重机、吊杆及抓斗,Chief Officer / ETO / Engineer in charge,D05.1,Cargo gear register / certificates and periodic test records reviewed,DOC,,,,
DECK,D05,"Cargo cranes, derricks and grabs","Cẩu hàng, cần cẩu, gàu ngoạm",货物起重机、吊杆及抓斗,Chief Officer / ETO / Engineer in charge,D05.2,Wire rope certificates and renewal history reviewed,DOC,,,,
DECK,D05,"Cargo cranes, derricks and grabs","Cẩu hàng, cần cẩu, gàu ngoạm",货物起重机、吊杆及抓斗,Chief Officer / ETO / Engineer in charge,D05.3,"Structure, pedestal, jib, slewing ring area: cracks, corrosion",SEEN,,,,
DECK,D05,"Cargo cranes, derricks and grabs","Cẩu hàng, cần cẩu, gàu ngoạm",货物起重机、吊杆及抓斗,Chief Officer / ETO / Engineer in charge,D05.4,"Wires: broken strands, kinks, corrosion, lubrication, end terminations",INSPECTED,,,,
DECK,D05,"Cargo cranes, derricks and grabs","Cẩu hàng, cần cẩu, gàu ngoạm",货物起重机、吊杆及抓斗,Chief Officer / ETO / Engineer in charge,D05.5,"Sheaves, hooks, swivels, SWL markings",INSPECTED,,,,
DECK,D05,"Cargo cranes, derricks and grabs","Cẩu hàng, cần cẩu, gàu ngoạm",货物起重机、吊杆及抓斗,Chief Officer / ETO / Engineer in charge,D05.6,Limit switches and cut-outs present and undamaged,INSPECTED,,,,
DECK,D05,"Cargo cranes, derricks and grabs","Cẩu hàng, cần cẩu, gàu ngoạm",货物起重机、吊杆及抓斗,Chief Officer / ETO / Engineer in charge,D05.7,"Hoist, luff, slew operated through range",TESTED,,,,
DECK,D05,"Cargo cranes, derricks and grabs","Cẩu hàng, cần cẩu, gàu ngoạm",货物起重机、吊杆及抓斗,Chief Officer / ETO / Engineer in charge,D05.8,Limit switches / emergency stop tested in operation,TESTED,,,,
DECK,D05,"Cargo cranes, derricks and grabs","Cẩu hàng, cần cẩu, gàu ngoạm",货物起重机、吊杆及抓斗,Chief Officer / ETO / Engineer in charge,D05.9,Grab opening/closing tested where fitted,TESTED,,,,
DECK,D06,"Windlass, anchors, cables and chain locker","Tời neo, neo, xích neo, hầm xích",锚机、锚、锚链及锚链舱,Chief Officer / Bosun,D06.1,Anchor / cable certificates and cable renewal or gauging records reviewed,DOC,,,,
DECK,D06,"Windlass, anchors, cables and chain locker","Tời neo, neo, xích neo, hầm xích",锚机、锚、锚链及锚链舱,Chief Officer / Bosun,D06.2,"Windlass: brake linings, gear, foundations, bolts",INSPECTED,,,,
DECK,D06,"Windlass, anchors, cables and chain locker","Tời neo, neo, xích neo, hầm xích",锚机、锚、锚链及锚链舱,Chief Officer / Bosun,D06.3,Chain stoppers / compressors and securing,INSPECTED,,,,
DECK,D06,"Windlass, anchors, cables and chain locker","Tời neo, neo, xích neo, hầm xích",锚机、锚、锚链及锚链舱,Chief Officer / Bosun,D06.4,"Anchors and visible cable: wear, missing studs, shackles marked",INSPECTED,,,,
DECK,D06,"Windlass, anchors, cables and chain locker","Tời neo, neo, xích neo, hầm xích",锚机、锚、锚链及锚链舱,Chief Officer / Bosun,D06.5,"Hawse pipe, spurling pipe covers",INSPECTED,,,,
DECK,D06,"Windlass, anchors, cables and chain locker","Tời neo, neo, xích neo, hầm xích",锚机、锚、锚链及锚链舱,Chief Officer / Bosun,D06.6,"Chain locker: bitter end, drainage, condition",INSPECTED,,,,
DECK,D06,"Windlass, anchors, cables and chain locker","Tời neo, neo, xích neo, hầm xích",锚机、锚、锚链及锚链舱,Chief Officer / Bosun,D06.7,"Windlass run in both directions, clutch engaged/disengaged",TESTED,,,,
DECK,D06,"Windlass, anchors, cables and chain locker","Tời neo, neo, xích neo, hầm xích",锚机、锚、锚链及锚链舱,Chief Officer / Bosun,D06.8,Brake holding observed during operation,TESTED,,,,
DECK,D06,"Windlass, anchors, cables and chain locker","Tời neo, neo, xích neo, hầm xích",锚机、锚、锚链及锚链舱,Chief Officer / Bosun,D06.9,Chain locker bilge / drainage tested where fitted,TESTED,,,,
DECK,D07,Mooring winches and mooring arrangements,Tời và hệ thống chằng buộc,系泊绞车及系泊设备,Chief Officer / 2/O / Bosun,D07.1,"Mooring line certificates, mooring plan and brake test records reviewed",DOC,,,,
DECK,D07,Mooring winches and mooring arrangements,Tời và hệ thống chằng buộc,系泊绞车及系泊设备,Chief Officer / 2/O / Bosun,D07.2,"Winch brakes, drums, foundations",INSPECTED,,,,
DECK,D07,Mooring winches and mooring arrangements,Tời và hệ thống chằng buộc,系泊绞车及系泊设备,Chief Officer / 2/O / Bosun,D07.3,"Mooring lines / wires: condition, certificates matched to lines",INSPECTED,,,,
DECK,D07,Mooring winches and mooring arrangements,Tời và hệ thống chằng buộc,系泊绞车及系泊设备,Chief Officer / 2/O / Bosun,D07.4,"Fairleads, rollers, bollards, chocks: free turning, wear, cracks",INSPECTED,,,,
DECK,D07,Mooring winches and mooring arrangements,Tời và hệ thống chằng buộc,系泊绞车及系泊设备,Chief Officer / 2/O / Bosun,D07.5,Each winch run in both directions,TESTED,,,,
DECK,D07,Mooring winches and mooring arrangements,Tời và hệ thống chằng buộc,系泊绞车及系泊设备,Chief Officer / 2/O / Bosun,D07.6,Brake holding capacity verified by brake test (method and value per maker/company: TBD),PERF,,,,
DECK,D08,"Tanks, sounding pipes, air pipes, ventilators and closing appliances","Két, ống đo, ống thông hơi, quạt gió và thiết bị đóng kín",液舱、测深管、空气管、通风筒及关闭装置,Chief Officer,D08.1,Ballast tank inspection / coating records reviewed,DOC,,,,
DECK,D08,"Tanks, sounding pipes, air pipes, ventilators and closing appliances","Két, ống đo, ống thông hơi, quạt gió và thiết bị đóng kín",液舱、测深管、空气管、通风筒及关闭装置,Chief Officer,D08.2,"Air pipe heads: floats/discs, gauze screens, closing devices, markings",INSPECTED,,,,
DECK,D08,"Tanks, sounding pipes, air pipes, ventilators and closing appliances","Két, ống đo, ống thông hơi, quạt gió và thiết bị đóng kín",液舱、测深管、空气管、通风筒及关闭装置,Chief Officer,D08.3,"Ventilators: closing flaps, gaskets, operating handles",INSPECTED,,,,
DECK,D08,"Tanks, sounding pipes, air pipes, ventilators and closing appliances","Két, ống đo, ống thông hơi, quạt gió và thiết bị đóng kín",液舱、测深管、空气管、通风筒及关闭装置,Chief Officer,D08.4,"Sounding pipes: caps, threads, markings",INSPECTED,,,,
DECK,D08,"Tanks, sounding pipes, air pipes, ventilators and closing appliances","Két, ống đo, ống thông hơi, quạt gió và thiết bị đóng kín",液舱、测深管、空气管、通风筒及关闭装置,Chief Officer,D08.5,"Weathertight doors and manhole covers: gaskets, dogs",INSPECTED,,,,
DECK,D08,"Tanks, sounding pipes, air pipes, ventilators and closing appliances","Két, ống đo, ống thông hơi, quạt gió và thiết bị đóng kín",液舱、测深管、空气管、通风筒及关闭装置,Chief Officer,D08.6,Closing devices operated,TESTED,,,,
DECK,D08,"Tanks, sounding pipes, air pipes, ventilators and closing appliances","Két, ống đo, ống thông hơi, quạt gió và thiết bị đóng kín",液舱、测深管、空气管、通风筒及关闭装置,Chief Officer,D08.7,Tank internal inspection where accessible and authorized,INSPECTED,,,,
DECK,D09,"Access: accommodation ladder, gangway and pilot boarding arrangements","Thang mạn, cầu thang lên tàu, thang hoa tiêu",舷梯、登轮梯及引航员登乘装置,Chief Officer / 2/O,D09.1,"Maintenance and load test records, pilot ladder certificate and service history reviewed",DOC,,,,
DECK,D09,"Access: accommodation ladder, gangway and pilot boarding arrangements","Thang mạn, cầu thang lên tàu, thang hoa tiêu",舷梯、登轮梯及引航员登乘装置,Chief Officer / 2/O,D09.2,"Accommodation ladder structure, treads, stanchions, rope, safety net",INSPECTED,,,,
DECK,D09,"Access: accommodation ladder, gangway and pilot boarding arrangements","Thang mạn, cầu thang lên tàu, thang hoa tiêu",舷梯、登轮梯及引航员登乘装置,Chief Officer / 2/O,D09.3,"Davits / winch, wires, sheaves, limit switches",INSPECTED,,,,
DECK,D09,"Access: accommodation ladder, gangway and pilot boarding arrangements","Thang mạn, cầu thang lên tàu, thang hoa tiêu",舷梯、登轮梯及引航员登乘装置,Chief Officer / 2/O,D09.4,"Pilot ladder: steps, side ropes, spreaders, securing points, markings",INSPECTED,,,,
DECK,D09,"Access: accommodation ladder, gangway and pilot boarding arrangements","Thang mạn, cầu thang lên tàu, thang hoa tiêu",舷梯、登轮梯及引航员登乘装置,Chief Officer / 2/O,D09.5,"Pilot boarding area: lighting, lifebuoy, stanchions, handholds",INSPECTED,,,,
DECK,D09,"Access: accommodation ladder, gangway and pilot boarding arrangements","Thang mạn, cầu thang lên tàu, thang hoa tiêu",舷梯、登轮梯及引航员登乘装置,Chief Officer / 2/O,D09.6,Accommodation ladder lowered and recovered,TESTED,,,,
DECK,D10,"Lifeboats, rescue boat, davits and winches","Xuồng cứu sinh, xuồng cấp cứu, cần và tời",救生艇、救助艇、吊艇架及绞车,2/O or designated officer / Engineer for engines,D10.1,"Servicing records by service provider, inspection and drill records reviewed",DOC,,,,
DECK,D10,"Lifeboats, rescue boat, davits and winches","Xuồng cứu sinh, xuồng cấp cứu, cần và tời",救生艇、救助艇、吊艇架及绞车,2/O or designated officer / Engineer for engines,D10.2,"Boat hull, fittings, inventory against list",INSPECTED,,,,
DECK,D10,"Lifeboats, rescue boat, davits and winches","Xuồng cứu sinh, xuồng cấp cứu, cần và tời",救生艇、救助艇、吊艇架及绞车,2/O or designated officer / Engineer for engines,D10.3,On-load / off-load release gear condition and markings,INSPECTED,,,,
DECK,D10,"Lifeboats, rescue boat, davits and winches","Xuồng cứu sinh, xuồng cấp cứu, cần và tời",救生艇、救助艇、吊艇架及绞车,2/O or designated officer / Engineer for engines,D10.4,"Davit structure, wires, sheaves, brake, limit switches",INSPECTED,,,,
DECK,D10,"Lifeboats, rescue boat, davits and winches","Xuồng cứu sinh, xuồng cấp cứu, cần và tời",救生艇、救助艇、吊艇架及绞车,2/O or designated officer / Engineer for engines,D10.5,Lifeboat / rescue boat engine started (ahead/astern) per routine,TESTED,,,,
DECK,D10,"Lifeboats, rescue boat, davits and winches","Xuồng cứu sinh, xuồng cấp cứu, cần và tời",救生艇、救助艇、吊艇架及绞车,2/O or designated officer / Engineer for engines,D10.6,Boat lowered and recovered where authorized,TESTED,,,,
DECK,D10,"Lifeboats, rescue boat, davits and winches","Xuồng cứu sinh, xuồng cấp cứu, cần và tời",救生艇、救助艇、吊艇架及绞车,2/O or designated officer / Engineer for engines,D10.7,Davit winch motor operated,TESTED,,,,
DECK,D11,Liferafts and personal life-saving appliances,Bè cứu sinh và trang bị cứu sinh cá nhân,救生筏及个人救生设备,2/O,D11.1,"Liferaft and HRU service dates, certificates reviewed",DOC,,,,
DECK,D11,Liferafts and personal life-saving appliances,Bè cứu sinh và trang bị cứu sinh cá nhân,救生筏及个人救生设备,2/O,D11.2,"Liferaft stowage, painter, HRU fitted correctly",INSPECTED,,,,
DECK,D11,Liferafts and personal life-saving appliances,Bè cứu sinh và trang bị cứu sinh cá nhân,救生筏及个人救生设备,2/O,D11.3,"Lifebuoys: lights, smoke signals, lines, markings, count vs plan",INSPECTED,,,,
DECK,D11,Liferafts and personal life-saving appliances,Bè cứu sinh và trang bị cứu sinh cá nhân,救生筏及个人救生设备,2/O,D11.4,"Lifejackets: count vs plan, lights, whistles, condition",INSPECTED,,,,
DECK,D11,Liferafts and personal life-saving appliances,Bè cứu sinh và trang bị cứu sinh cá nhân,救生筏及个人救生设备,2/O,D11.5,"Immersion suits / thermal protective aids: count, condition, service record",INSPECTED,,,,
DECK,D11,Liferafts and personal life-saving appliances,Bè cứu sinh và trang bị cứu sinh cá nhân,救生筏及个人救生设备,2/O,D11.6,Pyrotechnics: count and expiry dates,INSPECTED,,,,
DECK,D12,"Fire hydrants, hoses, portable extinguishers and firefighter's outfits","Họng cứu hỏa, vòi, bình chữa cháy xách tay, trang bị lính cứu hỏa",消防栓、水龙带、手提式灭火器及消防员装备,Officer in charge of FFA (per company SMS),D12.1,Fire control plan and FFA maintenance records reviewed,DOC,,,,
DECK,D12,"Fire hydrants, hoses, portable extinguishers and firefighter's outfits","Họng cứu hỏa, vòi, bình chữa cháy xách tay, trang bị lính cứu hỏa",消防栓、水龙带、手提式灭火器及消防员装备,Officer in charge of FFA (per company SMS),D12.2,"Hydrants: valves free, handwheels, spindles",INSPECTED,,,,
DECK,D12,"Fire hydrants, hoses, portable extinguishers and firefighter's outfits","Họng cứu hỏa, vòi, bình chữa cháy xách tay, trang bị lính cứu hỏa",消防栓、水龙带、手提式灭火器及消防员装备,Officer in charge of FFA (per company SMS),D12.3,"Hoses and nozzles: count vs fire plan, condition, couplings",INSPECTED,,,,
DECK,D12,"Fire hydrants, hoses, portable extinguishers and firefighter's outfits","Họng cứu hỏa, vòi, bình chữa cháy xách tay, trang bị lính cứu hỏa",消防栓、水龙带、手提式灭火器及消防员装备,Officer in charge of FFA (per company SMS),D12.4,"Portable extinguishers: count, location vs plan, service dates",INSPECTED,,,,
DECK,D12,"Fire hydrants, hoses, portable extinguishers and firefighter's outfits","Họng cứu hỏa, vòi, bình chữa cháy xách tay, trang bị lính cứu hỏa",消防栓、水龙带、手提式灭火器及消防员装备,Officer in charge of FFA (per company SMS),D12.5,"Firefighter's outfits and breathing apparatus: count, cylinder pressures, service",INSPECTED,,,,
DECK,D12,"Fire hydrants, hoses, portable extinguishers and firefighter's outfits","Họng cứu hỏa, vòi, bình chữa cháy xách tay, trang bị lính cứu hỏa",消防栓、水龙带、手提式灭火器及消防员装备,Officer in charge of FFA (per company SMS),D12.6,"EEBDs: count, location, service",INSPECTED,,,,
DECK,D12,"Fire hydrants, hoses, portable extinguishers and firefighter's outfits","Họng cứu hỏa, vòi, bình chữa cháy xách tay, trang bị lính cứu hỏa",消防栓、水龙带、手提式灭火器及消防员装备,Officer in charge of FFA (per company SMS),D12.7,Fire main pressurized and hydrants tested on deck (see E18),TESTED,,,,
DECK,D13,Fixed fire-extinguishing system and remote closures,Hệ thống chữa cháy cố định và thiết bị đóng từ xa,固定式灭火系统及遥控关闭装置,Chief Engineer / Chief Officer (per SMS),D13.1,"Service provider records (cylinder weighing / level checks, hose tests) reviewed",DOC,,,,
DECK,D13,Fixed fire-extinguishing system and remote closures,Hệ thống chữa cháy cố định và thiết bị đóng từ xa,固定式灭火系统及遥控关闭装置,Chief Engineer / Chief Officer (per SMS),D13.2,"Cylinder room: cylinders secured, manifold, pilot lines, safety pins status",INSPECTED,,,,
DECK,D13,Fixed fire-extinguishing system and remote closures,Hệ thống chữa cháy cố định và thiết bị đóng từ xa,固定式灭火系统及遥控关闭装置,Chief Engineer / Chief Officer (per SMS),D13.3,"Release station: instructions posted, keys, alarms",INSPECTED,,,,
DECK,D13,Fixed fire-extinguishing system and remote closures,Hệ thống chữa cháy cố định và thiết bị đóng từ xa,固定式灭火系统及遥控关闭装置,Chief Engineer / Chief Officer (per SMS),D13.4,"Fire dampers and ventilation closures: markings, operation handles",INSPECTED,,,,
DECK,D13,Fixed fire-extinguishing system and remote closures,Hệ thống chữa cháy cố định và thiết bị đóng từ xa,固定式灭火系统及遥控关闭装置,Chief Engineer / Chief Officer (per SMS),D13.5,Fire dampers operated where authorized,TESTED,,,,
DECK,D13,Fixed fire-extinguishing system and remote closures,Hệ thống chữa cháy cố định và thiết bị đóng từ xa,固定式灭火系统及遥控关闭装置,Chief Engineer / Chief Officer (per SMS),D13.6,Pre-discharge alarm tested by approved method without release (where possible),TESTED,,,,
DECK,D14,"Bridge navigation equipment, charts and publications","Thiết bị hàng hải buồng lái, hải đồ và ấn phẩm",驾驶台航行设备、海图及航海出版物,Master / 2/O,D14.1,"Equipment list, annual / service reports and error logs reviewed",DOC,,,,
DECK,D14,"Bridge navigation equipment, charts and publications","Thiết bị hàng hải buồng lái, hải đồ và ấn phẩm",驾驶台航行设备、海图及航海出版物,Master / 2/O,D14.2,ECDIS / chart and publication update status reviewed,DOC,,,,
DECK,D14,"Bridge navigation equipment, charts and publications","Thiết bị hàng hải buồng lái, hải đồ và ấn phẩm",驾驶台航行设备、海图及航海出版物,Master / 2/O,D14.3,"Radars / ARPA: performance, heading and speed inputs",TESTED,,,,
DECK,D14,"Bridge navigation equipment, charts and publications","Thiết bị hàng hải buồng lái, hải đồ và ấn phẩm",驾驶台航行设备、海图及航海出版物,Master / 2/O,D14.4,"ECDIS: sensor inputs, alarms, backup arrangement",TESTED,,,,
DECK,D14,"Bridge navigation equipment, charts and publications","Thiết bị hàng hải buồng lái, hải đồ và ấn phẩm",驾驶台航行设备、海图及航海出版物,Master / 2/O,D14.5,Gyro compass and repeaters; magnetic compass and deviation record,TESTED,,,,
DECK,D14,"Bridge navigation equipment, charts and publications","Thiết bị hàng hải buồng lái, hải đồ và ấn phẩm",驾驶台航行设备、海图及航海出版物,Master / 2/O,D14.6,Autopilot and changeover to hand steering,TESTED,,,,
DECK,D14,"Bridge navigation equipment, charts and publications","Thiết bị hàng hải buồng lái, hải đồ và ấn phẩm",驾驶台航行设备、海图及航海出版物,Master / 2/O,D14.7,"AIS, echo sounder, speed log, GNSS",TESTED,,,,
DECK,D14,"Bridge navigation equipment, charts and publications","Thiết bị hàng hải buồng lái, hải đồ và ấn phẩm",驾驶台航行设备、海图及航海出版物,Master / 2/O,D14.8,BNWAS and VDR status indication,TESTED,,,,
DECK,D14,"Bridge navigation equipment, charts and publications","Thiết bị hàng hải buồng lái, hải đồ và ấn phẩm",驾驶台航行设备、海图及航海出版物,Master / 2/O,D14.9,"Daylight signalling lamp, sound signals, flags",INSPECTED,,,,
DECK,D15,GMDSS and radio equipment,Thiết bị GMDSS và vô tuyến điện,GMDSS及无线电设备,Master / designated GMDSS operator,D15.1,"Radio log, shore-based maintenance / survey reports reviewed",DOC,,,,
DECK,D15,GMDSS and radio equipment,Thiết bị GMDSS và vô tuyến điện,GMDSS及无线电设备,Master / designated GMDSS operator,D15.2,MF/HF and VHF DSC routine tests,TESTED,,,,
DECK,D15,GMDSS and radio equipment,Thiết bị GMDSS và vô tuyến điện,GMDSS及无线电设备,Master / designated GMDSS operator,D15.3,Inmarsat / satellite terminal test,TESTED,,,,
DECK,D15,GMDSS and radio equipment,Thiết bị GMDSS và vô tuyến điện,GMDSS及无线电设备,Master / designated GMDSS operator,D15.4,"EPIRB and SART: expiry dates, HRU, battery dates",INSPECTED,,,,
DECK,D15,GMDSS and radio equipment,Thiết bị GMDSS và vô tuyến điện,GMDSS及无线电设备,Master / designated GMDSS operator,D15.5,Portable VHF (GMDSS) batteries and test,TESTED,,,,
DECK,D15,GMDSS and radio equipment,Thiết bị GMDSS và vô tuyến điện,GMDSS及无线电设备,Master / designated GMDSS operator,D15.6,Reserve source of energy / radio batteries changeover,TESTED,,,,
DECK,D16,"Deck pollution prevention: SOPEP equipment, scuppers and garbage","Phòng chống ô nhiễm trên boong: SOPEP, lỗ thoát, rác",甲板防污染：SOPEP设备、排水孔及垃圾,Chief Officer,D16.1,Garbage record book and garbage management plan reviewed,DOC,,,,
DECK,D16,"Deck pollution prevention: SOPEP equipment, scuppers and garbage","Phòng chống ô nhiễm trên boong: SOPEP, lỗ thoát, rác",甲板防污染：SOPEP设备、排水孔及垃圾,Chief Officer,D16.2,SOPEP locker inventory vs list,INSPECTED,,,,
DECK,D16,"Deck pollution prevention: SOPEP equipment, scuppers and garbage","Phòng chống ô nhiễm trên boong: SOPEP, lỗ thoát, rác",甲板防污染：SOPEP设备、排水孔及垃圾,Chief Officer,D16.3,Scupper plugs available and fitting,INSPECTED,,,,
DECK,D16,"Deck pollution prevention: SOPEP equipment, scuppers and garbage","Phòng chống ô nhiễm trên boong: SOPEP, lỗ thoát, rác",甲板防污染：SOPEP设备、排水孔及垃圾,Chief Officer,D16.4,Save-alls / drip trays around deck machinery and vents,INSPECTED,,,,
DECK,D16,"Deck pollution prevention: SOPEP equipment, scuppers and garbage","Phòng chống ô nhiễm trên boong: SOPEP, lỗ thoát, rác",甲板防污染：SOPEP设备、排水孔及垃圾,Chief Officer,D16.5,Garbage segregation and storage,INSPECTED,,,,
DECK,D17,"Loading computer, stability and cargo documents","Máy tính xếp hàng, ổn định và hồ sơ hàng hóa",装载计算机、稳性及货物文件,Chief Officer,D17.1,"Approved stability booklet, loading manual onboard",DOC,,,,
DECK,D17,"Loading computer, stability and cargo documents","Máy tính xếp hàng, ổn định và hồ sơ hàng hóa",装载计算机、稳性及货物文件,Chief Officer,D17.2,Loading computer approval and periodic test record reviewed,DOC,,,,
DECK,D17,"Loading computer, stability and cargo documents","Máy tính xếp hàng, ổn định và hồ sơ hàng hóa",装载计算机、稳性及货物文件,Chief Officer,D17.3,Loading computer test condition run and compared with approved test condition,TESTED,,,,
DECK,D17,"Loading computer, stability and cargo documents","Máy tính xếp hàng, ổn định và hồ sơ hàng hóa",装载计算机、稳性及货物文件,Chief Officer,D17.4,Grain / cargo securing / other cargo-specific documents as applicable,DOC,,,,
ENGINE,E01,Main engine,Máy chính,主机,Chief Engineer / 2/E,E01.1,"Running hours, overhaul history and PMS status reviewed",DOC,,,,
ENGINE,E01,Main engine,Máy chính,主机,Chief Engineer / 2/E,E01.2,"Performance records (indicator/PMI), LO analysis reviewed",DOC,,,,
ENGINE,E01,Main engine,Máy chính,主机,Chief Engineer / 2/E,E01.3,Class items / machinery survey status reviewed,DOC,,,,
ENGINE,E01,Main engine,Máy chính,主机,Chief Engineer / 2/E,E01.4,"Leakage: fuel, LO, cooling water, exhaust gas",SEEN,,,,
ENGINE,E01,Main engine,Máy chính,主机,Chief Engineer / 2/E,E01.5,"Abnormal sound, vibration, smoke at funnel",SEEN,,,,
ENGINE,E01,Main engine,Máy chính,主机,Chief Engineer / 2/E,E01.6,Crankcase inspection records / photos; crankcase opened only if stopped and authorized,INSPECTED,,,,
ENGINE,E01,Main engine,Máy chính,主机,Chief Engineer / 2/E,E01.7,"Holding-down bolts, chocks, foundation where accessible",INSPECTED,,,,
ENGINE,E01,Main engine,Máy chính,主机,Chief Engineer / 2/E,E01.8,Start from control room and local station where authorized,TESTED,,,,
ENGINE,E01,Main engine,Máy chính,主机,Chief Engineer / 2/E,E01.9,Ahead / astern operation,TESTED,,,,
ENGINE,E01,Main engine,Máy chính,主机,Chief Engineer / 2/E,E01.10,Load readings compared with shop trial / sea trial / maker values (reference: TBD),PERF,,,,
ENGINE,E02,"Turbochargers, scavenge air and exhaust system","Tua bin tăng áp, khí quét và hệ thống khí xả",废气涡轮增压器、扫气及排气系统,2/E,E02.1,Turbocharger overhaul history and running hours reviewed,DOC,,,,
ENGINE,E02,"Turbochargers, scavenge air and exhaust system","Tua bin tăng áp, khí quét và hệ thống khí xả",废气涡轮增压器、扫气及排气系统,2/E,E02.2,Scavenge space inspection records reviewed,DOC,,,,
ENGINE,E02,"Turbochargers, scavenge air and exhaust system","Tua bin tăng áp, khí quét và hệ thống khí xả",废气涡轮增压器、扫气及排气系统,2/E,E02.3,Abnormal noise / vibration of turbochargers,SEEN,,,,
ENGINE,E02,"Turbochargers, scavenge air and exhaust system","Tua bin tăng áp, khí quét và hệ thống khí xả",废气涡轮增压器、扫气及排气系统,2/E,E02.4,"Air coolers: drain, differential pressure readings",INSPECTED,,,,
ENGINE,E02,"Turbochargers, scavenge air and exhaust system","Tua bin tăng áp, khí quét và hệ thống khí xả",废气涡轮增压器、扫气及排气系统,2/E,E02.5,Exhaust piping insulation and lagging condition,INSPECTED,,,,
ENGINE,E02,"Turbochargers, scavenge air and exhaust system","Tua bin tăng áp, khí quét và hệ thống khí xả",废气涡轮增压器、扫气及排气系统,2/E,E02.6,Water washing / cleaning equipment condition and use records,TESTED,,,,
ENGINE,E02,"Turbochargers, scavenge air and exhaust system","Tua bin tăng áp, khí quét và hệ thống khí xả",废气涡轮增压器、扫气及排气系统,2/E,E02.7,Turbocharger performance compared with reference (TBD per maker/trial data),PERF,,,,
ENGINE,E03,"Shafting, stern tube, thrust bearing and propeller","Hệ trục, ống bao trục, ổ chặn, chân vịt",轴系、艉轴管、推力轴承及螺旋桨,Chief Engineer,E03.1,Last shaft withdrawal / stern tube survey and bearing wear-down records reviewed,DOC,,,,
ENGINE,E03,"Shafting, stern tube, thrust bearing and propeller","Hệ trục, ống bao trục, ổ chặn, chân vịt",轴系、艉轴管、推力轴承及螺旋桨,Chief Engineer,E03.2,Stern tube oil consumption / analysis records reviewed,DOC,,,,
ENGINE,E03,"Shafting, stern tube, thrust bearing and propeller","Hệ trục, ống bao trục, ổ chặn, chân vịt",轴系、艉轴管、推力轴承及螺旋桨,Chief Engineer,E03.3,"Intermediate bearings: oil level, temperature, condition",INSPECTED,,,,
ENGINE,E03,"Shafting, stern tube, thrust bearing and propeller","Hệ trục, ống bao trục, ổ chặn, chân vịt",轴系、艉轴管、推力轴承及螺旋桨,Chief Engineer,E03.4,"Stern tube seal: leakage, oil header tank level",INSPECTED,,,,
ENGINE,E03,"Shafting, stern tube, thrust bearing and propeller","Hệ trục, ống bao trục, ổ chặn, chân vịt",轴系、艉轴管、推力轴承及螺旋桨,Chief Engineer,E03.5,"Thrust bearing: temperature, leakage",INSPECTED,,,,
ENGINE,E03,"Shafting, stern tube, thrust bearing and propeller","Hệ trục, ống bao trục, ổ chặn, chân vịt",轴系、艉轴管、推力轴承及螺旋桨,Chief Engineer,E03.6,Shaft observed in operation,TESTED,,,,
ENGINE,E03,"Shafting, stern tube, thrust bearing and propeller","Hệ trục, ống bao trục, ổ chặn, chân vịt",轴系、艉轴管、推力轴承及螺旋桨,Chief Engineer,E03.7,Propeller condition from dry-dock records or underwater survey photos,SEEN,,,,
ENGINE,E04,Diesel generators,Máy phát điện diesel,柴油发电机组,2/E / 3/E with ETO,E04.1,Running hours and overhaul history per unit,DOC,,,,
ENGINE,E04,Diesel generators,Máy phát điện diesel,柴油发电机组,2/E / 3/E with ETO,E04.2,LO analysis and alarm history,DOC,,,,
ENGINE,E04,Diesel generators,Máy phát điện diesel,柴油发电机组,2/E / 3/E with ETO,E04.3,"Leakage, sound, vibration per unit",SEEN,,,,
ENGINE,E04,Diesel generators,Máy phát điện diesel,柴油发电机组,2/E / 3/E with ETO,E04.4,"Fuel injection pipes, shielding, hot surfaces insulation",INSPECTED,,,,
ENGINE,E04,Diesel generators,Máy phát điện diesel,柴油发电机组,2/E / 3/E with ETO,E04.5,"Each generator started, synchronized and loaded (see T01)",TESTED,,,,
ENGINE,E04,Diesel generators,Máy phát điện diesel,柴油发电机组,2/E / 3/E with ETO,E04.6,Standby generator auto start tested by approved method,TESTED,,,,
ENGINE,E04,Diesel generators,Máy phát điện diesel,柴油发电机组,2/E / 3/E with ETO,E04.7,Load sharing and readings compared between units,PERF,,,,
ENGINE,E05,Boilers and exhaust gas economizer,Nồi hơi và nồi hơi khí xả,锅炉及废气经济器,2/E,E05.1,Boiler survey and water treatment records reviewed,DOC,,,,
ENGINE,E05,Boilers and exhaust gas economizer,Nồi hơi và nồi hơi khí xả,锅炉及废气经济器,2/E,E05.2,"Gauge glasses, burner, refractory where visible",INSPECTED,,,,
ENGINE,E05,Boilers and exhaust gas economizer,Nồi hơi và nồi hơi khí xả,锅炉及废气经济器,2/E,E05.3,Insulation and leakage,INSPECTED,,,,
ENGINE,E05,Boilers and exhaust gas economizer,Nồi hơi và nồi hơi khí xả,锅炉及废气经济器,2/E,E05.4,Burner firing sequence observed,TESTED,,,,
ENGINE,E05,Boilers and exhaust gas economizer,Nồi hơi và nồi hơi khí xả,锅炉及废气经济器,2/E,E05.5,Low water level / flame failure safety devices tested by approved method,TESTED,,,,
ENGINE,E05,Boilers and exhaust gas economizer,Nồi hơi và nồi hơi khí xả,锅炉及废气经济器,2/E,E05.6,Safety valve setting records reviewed,DOC,,,,
ENGINE,E06,Air compressors and air receivers,Máy nén khí và chai gió,空气压缩机及空气瓶,3/E or 4/E (per SMS),E06.1,"Running hours, overhaul history",DOC,,,,
ENGINE,E06,Air compressors and air receivers,Máy nén khí và chai gió,空气压缩机及空气瓶,3/E or 4/E (per SMS),E06.2,"Compressors: leaks, belts / couplings, guards",INSPECTED,,,,
ENGINE,E06,Air compressors and air receivers,Máy nén khí và chai gió,空气压缩机及空气瓶,3/E or 4/E (per SMS),E06.3,"Receivers: drains, safety valves, pressure gauges, inspection records",INSPECTED,,,,
ENGINE,E06,Air compressors and air receivers,Máy nén khí và chai gió,空气压缩机及空气瓶,3/E or 4/E (per SMS),E06.4,Compressors started; auto start/stop operation observed,TESTED,,,,
ENGINE,E06,Air compressors and air receivers,Máy nén khí và chai gió,空气压缩机及空气瓶,3/E or 4/E (per SMS),E06.5,Filling time compared with reference (reference: TBD per maker/trial),PERF,,,,
ENGINE,E07,Fuel oil system,Hệ thống nhiên liệu,燃油系统,Chief Engineer / 3/E,E07.1,"Fuel oil tanks list, bunker records, oil record book reviewed",DOC,,,,
ENGINE,E07,Fuel oil system,Hệ thống nhiên liệu,燃油系统,Chief Engineer / 3/E,E07.2,"Transfer pumps, filters, heaters",INSPECTED,,,,
ENGINE,E07,Fuel oil system,Hệ thống nhiên liệu,燃油系统,Chief Engineer / 3/E,E07.3,"Quick-closing valves: markings, wires / air lines, reset",INSPECTED,,,,
ENGINE,E07,Fuel oil system,Hệ thống nhiên liệu,燃油系统,Chief Engineer / 3/E,E07.4,Quick-closing valves remote operation tested where authorized and safe,TESTED,,,,
ENGINE,E07,Fuel oil system,Hệ thống nhiên liệu,燃油系统,Chief Engineer / 3/E,E07.5,"Fuel line shielding and drip trays, leak detection",INSPECTED,,,,
ENGINE,E07,Fuel oil system,Hệ thống nhiên liệu,燃油系统,Chief Engineer / 3/E,E07.6,"Tank sounding pipes, self-closing cocks",INSPECTED,,,,
ENGINE,E08,Fuel oil and lube oil purifiers,Máy lọc dầu đốt và dầu nhờn,燃油及滑油分油机,3/E,E08.1,"Overhaul history, running hours",DOC,,,,
ENGINE,E08,Fuel oil and lube oil purifiers,Máy lọc dầu đốt và dầu nhờn,燃油及滑油分油机,3/E,E08.2,Sound and vibration compared between units,SEEN,,,,
ENGINE,E08,Fuel oil and lube oil purifiers,Máy lọc dầu đốt và dầu nhờn,燃油及滑油分油机,3/E,E08.3,"Leakage, sludge discharge, heaters",INSPECTED,,,,
ENGINE,E08,Fuel oil and lube oil purifiers,Máy lọc dầu đốt và dầu nhờn,燃油及滑油分油机,3/E,E08.4,"Start, separation, sludge discharge cycle observed",TESTED,,,,
ENGINE,E08,Fuel oil and lube oil purifiers,Máy lọc dầu đốt và dầu nhờn,燃油及滑油分油机,3/E,E08.5,Alarms (e.g. water/oil detection where fitted) tested by approved method,TESTED,,,,
ENGINE,E09,Lube oil systems,Hệ thống dầu nhờn,滑油系统,2/E,E09.1,LO analysis results and consumption records,DOC,,,,
ENGINE,E09,Lube oil systems,Hệ thống dầu nhờn,滑油系统,2/E,E09.2,"Pumps, coolers, filters, sump / tank levels",INSPECTED,,,,
ENGINE,E09,Lube oil systems,Hệ thống dầu nhờn,滑油系统,2/E,E09.3,Standby pump auto changeover tested by approved method,TESTED,,,,
ENGINE,E09,Lube oil systems,Hệ thống dầu nhờn,滑油系统,2/E,E09.4,Pressures and temperatures compared with maker values (TBD),PERF,,,,
ENGINE,E10,"Cooling water systems (sea water, fresh water, central cooling)",Hệ thống nước làm mát,冷却水系统（海水、淡水、中央冷却）,3/E,E10.1,"Cooler cleaning records, water treatment records",DOC,,,,
ENGINE,E10,"Cooling water systems (sea water, fresh water, central cooling)",Hệ thống nước làm mát,冷却水系统（海水、淡水、中央冷却）,3/E,E10.2,"Pumps, coolers, sea chests, strainers, valves",INSPECTED,,,,
ENGINE,E10,"Cooling water systems (sea water, fresh water, central cooling)",Hệ thống nước làm mát,冷却水系统（海水、淡水、中央冷却）,3/E,E10.3,"Piping: doublers, clamps, cement boxes, temporary repairs",INSPECTED,,,,
ENGINE,E10,"Cooling water systems (sea water, fresh water, central cooling)",Hệ thống nước làm mát,冷却水系统（海水、淡水、中央冷却）,3/E,E10.4,Standby pumps run and auto changeover tested by approved method,TESTED,,,,
ENGINE,E10,"Cooling water systems (sea water, fresh water, central cooling)",Hệ thống nước làm mát,冷却水系统（海水、淡水、中央冷却）,3/E,E10.5,Temperatures across coolers compared with reference (TBD),PERF,,,,
ENGINE,E11,Fresh water generator and domestic water,Máy sinh hoạt nước ngọt và nước sinh hoạt,造水机及生活用水,3/E / 4/E,E11.1,"Running records, water treatment / testing records",DOC,,,,
ENGINE,E11,Fresh water generator and domestic water,Máy sinh hoạt nước ngọt và nước sinh hoạt,造水机及生活用水,3/E / 4/E,E11.2,"Evaporator, ejector, salinometer, pumps",INSPECTED,,,,
ENGINE,E11,Fresh water generator and domestic water,Máy sinh hoạt nước ngọt và nước sinh hoạt,造水机及生活用水,3/E / 4/E,E11.3,Plant run and output observed,TESTED,,,,
ENGINE,E11,Fresh water generator and domestic water,Máy sinh hoạt nước ngọt và nước sinh hoạt,造水机及生活用水,3/E / 4/E,E11.4,Salinometer alarm / dump valve tested by approved method,TESTED,,,,
ENGINE,E11,Fresh water generator and domestic water,Máy sinh hoạt nước ngọt và nước sinh hoạt,造水机及生活用水,3/E / 4/E,E11.5,"Hydrophore, UV / sterilizer where fitted",INSPECTED,,,,
ENGINE,E12,Steering gear,Máy lái,舵机,Chief Engineer / 2/E with bridge,E12.1,Steering gear test records and drill records reviewed,DOC,,,,
ENGINE,E12,Steering gear,Máy lái,舵机,Chief Engineer / 2/E with bridge,E12.2,"Hydraulic units, oil level, leakage, rams/actuator, rudder carrier",INSPECTED,,,,
ENGINE,E12,Steering gear,Máy lái,舵机,Chief Engineer / 2/E with bridge,E12.3,Changeover instructions and block diagram posted,INSPECTED,,,,
ENGINE,E12,Steering gear,Máy lái,舵机,Chief Engineer / 2/E with bridge,E12.4,Each pump run; hard over to hard over,TESTED,,,,
ENGINE,E12,Steering gear,Máy lái,舵机,Chief Engineer / 2/E with bridge,E12.5,Local / emergency steering and communication with bridge tested,TESTED,,,,
ENGINE,E12,Steering gear,Máy lái,舵机,Chief Engineer / 2/E with bridge,E12.6,Alarms tested by approved method,TESTED,,,,
ENGINE,E12,Steering gear,Máy lái,舵机,Chief Engineer / 2/E with bridge,E12.7,Hard-over timing measured (required value per applicable requirement: verify),PERF,,,,
ENGINE,E13,Bilge system and bilge pumps,Hệ thống và bơm la canh,舱底水系统及舱底泵,2/E / 3/E,E13.1,Bilge system drawing vs actual piping (trace where authorized),DOC,,,,
ENGINE,E13,Bilge system and bilge pumps,Hệ thống và bơm la canh,舱底水系统及舱底泵,2/E / 3/E,E13.2,"Pumps, valves, strainers, non-return valves",INSPECTED,,,,
ENGINE,E13,Bilge system and bilge pumps,Hệ thống và bơm la canh,舱底水系统及舱底泵,2/E / 3/E,E13.3,"Bilge wells: level, oil presence, alarms",INSPECTED,,,,
ENGINE,E13,Bilge system and bilge pumps,Hệ thống và bơm la canh,舱底水系统及舱底泵,2/E / 3/E,E13.4,Bilge suction from each well tested where authorized,TESTED,,,,
ENGINE,E13,Bilge system and bilge pumps,Hệ thống và bơm la canh,舱底水系统及舱底泵,2/E / 3/E,E13.5,Emergency bilge suction valve operable,TESTED,,,,
ENGINE,E13,Bilge system and bilge pumps,Hệ thống và bơm la canh,舱底水系统及舱底泵,2/E / 3/E,E13.6,Bilge level alarms tested by approved method,TESTED,,,,
ENGINE,E14,Ballast pumps and engine-room ballast system,Bơm và hệ thống ballast buồng máy,压载泵及机舱压载系统,Chief Officer / 3/E,E14.1,Ballast water record book reviewed,DOC,,,,
ENGINE,E14,Ballast pumps and engine-room ballast system,Bơm và hệ thống ballast buồng máy,压载泵及机舱压载系统,Chief Officer / 3/E,E14.2,"Pumps, eductors, valves, remote valve actuators",INSPECTED,,,,
ENGINE,E14,Ballast pumps and engine-room ballast system,Bơm và hệ thống ballast buồng máy,压载泵及机舱压载系统,Chief Officer / 3/E,E14.3,Pumps run; valves operated locally and remotely (see T11),TESTED,,,,
ENGINE,E14,Ballast pumps and engine-room ballast system,Bơm và hệ thống ballast buồng máy,压载泵及机舱压载系统,Chief Officer / 3/E,E14.4,Pump performance observed vs maker data (TBD),PERF,,,,
ENGINE,E15,Ballast water management system (BWMS),Hệ thống xử lý nước dằn (BWMS),压载水管理系统（BWMS）,Chief Officer / Chief Engineer / ETO,E15.1,"Type approval documents, BWM plan, operating logs, maintenance records",DOC,,,,
ENGINE,E15,Ballast water management system (BWMS),Hệ thống xử lý nước dằn (BWMS),压载水管理系统（BWMS）,Chief Officer / Chief Engineer / ETO,E15.2,Alarm / fault log and bypass records reviewed,DOC,,,,
ENGINE,E15,Ballast water management system (BWMS),Hệ thống xử lý nước dằn (BWMS),压载水管理系统（BWMS）,Chief Officer / Chief Engineer / ETO,E15.3,"Filters, UV / electrolysis units, sensors",INSPECTED,,,,
ENGINE,E15,Ballast water management system (BWMS),Hệ thống xử lý nước dằn (BWMS),压载水管理系统（BWMS）,Chief Officer / Chief Engineer / ETO,E15.4,System operated in ballasting or test mode,TESTED,,,,
ENGINE,E15,Ballast water management system (BWMS),Hệ thống xử lý nước dằn (BWMS),压载水管理系统（BWMS）,Chief Officer / Chief Engineer / ETO,E15.5,"Spare consumables (lamps, sensors, chemicals) vs maker list",DOC,,,,
ENGINE,E16,"Oily water separator, oil content meter, bilge and sludge tanks","Máy phân ly nước dầu, thiết bị đo hàm lượng dầu, két la canh và cặn",油水分离器、油分浓度计、舱底水舱及油渣舱,Chief Engineer,E16.1,Oil record book and sludge / bilge tank sounding records reviewed,DOC,,,,
ENGINE,E16,"Oily water separator, oil content meter, bilge and sludge tanks","Máy phân ly nước dầu, thiết bị đo hàm lượng dầu, két la canh và cặn",油水分离器、油分浓度计、舱底水舱及油渣舱,Chief Engineer,E16.2,OWS / OCM type approval and calibration records,DOC,,,,
ENGINE,E16,"Oily water separator, oil content meter, bilge and sludge tanks","Máy phân ly nước dầu, thiết bị đo hàm lượng dầu, két la canh và cặn",油水分离器、油分浓度计、舱底水舱及油渣舱,Chief Engineer,E16.3,Piping traced from bilge holding tank to overboard valve,INSPECTED,,,,
ENGINE,E16,"Oily water separator, oil content meter, bilge and sludge tanks","Máy phân ly nước dầu, thiết bị đo hàm lượng dầu, két la canh và cặn",油水分离器、油分浓度计、舱底水舱及油渣舱,Chief Engineer,E16.4,Overboard valve sealing / locking arrangement per company procedure,INSPECTED,,,,
ENGINE,E16,"Oily water separator, oil content meter, bilge and sludge tanks","Máy phân ly nước dầu, thiết bị đo hàm lượng dầu, két la canh và cặn",油水分离器、油分浓度计、舱底水舱及油渣舱,Chief Engineer,E16.5,OWS operated in recirculation / test mode where available,TESTED,,,,
ENGINE,E16,"Oily water separator, oil content meter, bilge and sludge tanks","Máy phân ly nước dầu, thiết bị đo hàm lượng dầu, két la canh và cặn",油水分离器、油分浓度计、舱底水舱及油渣舱,Chief Engineer,E16.6,OCM alarm and automatic stopping device tested by approved method,TESTED,,,,
ENGINE,E16,"Oily water separator, oil content meter, bilge and sludge tanks","Máy phân ly nước dầu, thiết bị đo hàm lượng dầu, két la canh và cặn",油水分离器、油分浓度计、舱底水舱及油渣舱,Chief Engineer,E16.7,Sludge tank and sludge pump / shore connection,INSPECTED,,,,
ENGINE,E17,Incinerator and sewage treatment plant,Lò đốt rác và hệ thống xử lý nước thải,焚烧炉及生活污水处理装置,3/E / 4/E,E17.1,Operation and maintenance records,DOC,,,,
ENGINE,E17,Incinerator and sewage treatment plant,Lò đốt rác và hệ thống xử lý nước thải,焚烧炉及生活污水处理装置,3/E / 4/E,E17.2,"Incinerator: refractory, burner, safety devices",INSPECTED,,,,
ENGINE,E17,Incinerator and sewage treatment plant,Lò đốt rác và hệ thống xử lý nước thải,焚烧炉及生活污水处理装置,3/E / 4/E,E17.3,Incinerator start / flame failure sequence observed,TESTED,,,,
ENGINE,E17,Incinerator and sewage treatment plant,Lò đốt rác và hệ thống xử lý nước thải,焚烧炉及生活污水处理装置,3/E / 4/E,E17.4,"Sewage plant: blowers, pumps, chlorination where fitted",INSPECTED,,,,
ENGINE,E17,Incinerator and sewage treatment plant,Lò đốt rác và hệ thống xử lý nước thải,焚烧炉及生活污水处理装置,3/E / 4/E,E17.5,Sewage plant running observed,TESTED,,,,
ENGINE,E18,Fire pumps and emergency fire pump,Bơm cứu hỏa và bơm cứu hỏa sự cố,消防泵及应急消防泵,2/E / 3/E,E18.1,Test and maintenance records,DOC,,,,
ENGINE,E18,Fire pumps and emergency fire pump,Bơm cứu hỏa và bơm cứu hỏa sự cố,消防泵及应急消防泵,2/E / 3/E,E18.2,"Pumps, isolation valves, priming arrangement",INSPECTED,,,,
ENGINE,E18,Fire pumps and emergency fire pump,Bơm cứu hỏa và bơm cứu hỏa sự cố,消防泵及应急消防泵,2/E / 3/E,E18.3,Main fire pumps started locally and remotely,TESTED,,,,
ENGINE,E18,Fire pumps and emergency fire pump,Bơm cứu hỏa và bơm cứu hỏa sự cố,消防泵及应急消防泵,2/E / 3/E,E18.4,Emergency fire pump started from its own position and outside machinery space,TESTED,,,,
ENGINE,E18,Fire pumps and emergency fire pump,Bơm cứu hỏa và bơm cứu hỏa sự cố,消防泵及应急消防泵,2/E / 3/E,E18.5,Pressure at highest / remotest hydrants (required pressure per applicable requirement: verify),PERF,,,,
ENGINE,E19,Engine room fire safety arrangements,Bố trí an toàn cháy buồng máy,机舱防火安全布置,Chief Engineer,E19.1,"Remote stops for fans and fuel pumps: markings, protection",INSPECTED,,,,
ENGINE,E19,Engine room fire safety arrangements,Bố trí an toàn cháy buồng máy,机舱防火安全布置,Chief Engineer,E19.2,Remote stops tested where authorized,TESTED,,,,
ENGINE,E19,Engine room fire safety arrangements,Bố trí an toàn cháy buồng máy,机舱防火安全布置,Chief Engineer,E19.3,Fire dampers and skylights closing,INSPECTED,,,,
ENGINE,E19,Engine room fire safety arrangements,Bố trí an toàn cháy buồng máy,机舱防火安全布置,Chief Engineer,E19.4,"Escape routes clear, signage, lighting",INSPECTED,,,,
ENGINE,E19,Engine room fire safety arrangements,Bố trí an toàn cháy buồng máy,机舱防火安全布置,Chief Engineer,E19.5,"Housekeeping: oil in bilges, oily rags, insulation soaked",INSPECTED,,,,
ENGINE,E20,Refrigeration and air-conditioning plant,Hệ thống lạnh và điều hòa,冷藏及空调装置,3/E / 4/E,E20.1,Maintenance and refrigerant records,DOC,,,,
ENGINE,E20,Refrigeration and air-conditioning plant,Hệ thống lạnh và điều hòa,冷藏及空调装置,3/E / 4/E,E20.2,"Compressors, condensers, leakage signs",INSPECTED,,,,
ENGINE,E20,Refrigeration and air-conditioning plant,Hệ thống lạnh và điều hòa,冷藏及空调装置,3/E / 4/E,E20.3,Plant running; room temperatures,TESTED,,,,
ENGINE,E20,Refrigeration and air-conditioning plant,Hệ thống lạnh và điều hòa,冷藏及空调装置,3/E / 4/E,E20.4,Alarm (e.g. person trapped alarm where fitted) tested,TESTED,,,,
ENGINE,E21,Tank soundings and ROB measurement for oils,Đo két và tính ROB dầu,油舱测深及存油量（ROB）计量,Chief Engineer / 3/E,E21.1,Tank tables and calibration reviewed,DOC,,,,
ENGINE,E21,Tank soundings and ROB measurement for oils,Đo két và tính ROB dầu,油舱测深及存油量（ROB）计量,Chief Engineer / 3/E,E21.2,Soundings / ullages taken jointly where takeover requires,TESTED,,,,
ENGINE,E21,Tank soundings and ROB measurement for oils,Đo két và tính ROB dầu,油舱测深及存油量（ROB）计量,Chief Engineer / 3/E,E21.3,Temperature and density basis recorded; calculation traced,PERF,,,,
ENGINE,E21,Tank soundings and ROB measurement for oils,Đo két và tính ROB dầu,油舱测深及存油量（ROB）计量,Chief Engineer / 3/E,E21.4,Compared with ROB records and ORB,DOC,,,,
ETO / ELECTRICAL,T01,Main switchboard and generator protection,Bảng điện chính và bảo vệ máy phát,主配电板及发电机保护,ETO / Chief Engineer,T01.1,"Single-line diagram, protection settings record, maintenance history",DOC,,,,
ETO / ELECTRICAL,T01,Main switchboard and generator protection,Bảng điện chính và bảo vệ máy phát,主配电板及发电机保护,ETO / Chief Engineer,T01.2,"Panels: indications, lamps, labels, cleanliness, thermography report where available",INSPECTED,,,,
ETO / ELECTRICAL,T01,Main switchboard and generator protection,Bảng điện chính và bảo vệ máy phát,主配电板及发电机保护,ETO / Chief Engineer,T01.3,Synchronizing (auto / manual) observed,TESTED,,,,
ETO / ELECTRICAL,T01,Main switchboard and generator protection,Bảng điện chính và bảo vệ máy phát,主配电板及发电机保护,ETO / Chief Engineer,T01.4,Preferential trip / load shedding tested only by approved method,TESTED,,,,
ETO / ELECTRICAL,T01,Main switchboard and generator protection,Bảng điện chính và bảo vệ máy phát,主配电板及发电机保护,ETO / Chief Engineer,T01.5,Insulation monitoring / earth fault indication,TESTED,,,,
ETO / ELECTRICAL,T01,Main switchboard and generator protection,Bảng điện chính và bảo vệ máy phát,主配电板及发电机保护,ETO / Chief Engineer,T01.6,Protection relay test records reviewed,DOC,,,,
ETO / ELECTRICAL,T02,Emergency generator and emergency switchboard,Máy phát sự cố và bảng điện sự cố,应急发电机及应急配电板,ETO / 2/E,T02.1,Test records and maintenance history,DOC,,,,
ETO / ELECTRICAL,T02,Emergency generator and emergency switchboard,Máy phát sự cố và bảng điện sự cố,应急发电机及应急配电板,ETO / 2/E,T02.2,"Fuel tank level, starting means (batteries / hydraulic / air), room ventilation",INSPECTED,,,,
ETO / ELECTRICAL,T02,Emergency generator and emergency switchboard,Máy phát sự cố và bảng điện sự cố,应急发电机及应急配电板,ETO / 2/E,T02.3,Started manually and by auto start (approved method),TESTED,,,,
ETO / ELECTRICAL,T02,Emergency generator and emergency switchboard,Máy phát sự cố và bảng điện sự cố,应急发电机及应急配电板,ETO / 2/E,T02.4,Loading to emergency switchboard observed,TESTED,,,,
ETO / ELECTRICAL,T02,Emergency generator and emergency switchboard,Máy phát sự cố và bảng điện sự cố,应急发电机及应急配电板,ETO / 2/E,T02.5,Second means of starting available,INSPECTED,,,,
ETO / ELECTRICAL,T03,"Batteries, UPS and emergency lighting","Ắc quy, UPS và đèn sự cố",蓄电池、UPS及应急照明,ETO,T03.1,Battery maintenance / replacement records,DOC,,,,
ETO / ELECTRICAL,T03,"Batteries, UPS and emergency lighting","Ắc quy, UPS và đèn sự cố",蓄电池、UPS及应急照明,ETO,T03.2,"Battery room: ventilation, electrolyte / condition, terminals",INSPECTED,,,,
ETO / ELECTRICAL,T03,"Batteries, UPS and emergency lighting","Ắc quy, UPS và đèn sự cố",蓄电池、UPS及应急照明,ETO,T03.3,Emergency lighting tested,TESTED,,,,
ETO / ELECTRICAL,T03,"Batteries, UPS and emergency lighting","Ắc quy, UPS và đèn sự cố",蓄电池、UPS及应急照明,ETO,T03.4,UPS / transitional source changeover tested by approved method,TESTED,,,,
ETO / ELECTRICAL,T04,Alarm monitoring system / UMS,Hệ thống giám sát báo động / UMS,报警监测系统/无人机舱（UMS）,ETO / Chief Engineer,T04.1,Alarm list and sensor calibration records,DOC,,,,
ETO / ELECTRICAL,T04,Alarm monitoring system / UMS,Hệ thống giám sát báo động / UMS,报警监测系统/无人机舱（UMS）,ETO / Chief Engineer,T04.2,"Alarm history: repeated, inhibited or blocked channels",DOC,,,,
ETO / ELECTRICAL,T04,Alarm monitoring system / UMS,Hệ thống giám sát báo động / UMS,报警监测系统/无人机舱（UMS）,ETO / Chief Engineer,T04.3,"Sensors, cables, terminals for disconnection or jumpers",INSPECTED,,,,
ETO / ELECTRICAL,T04,Alarm monitoring system / UMS,Hệ thống giám sát báo động / UMS,报警监测系统/无人机舱（UMS）,ETO / Chief Engineer,T04.4,Sample alarms tested (sensor simulation per maker),TESTED,,,,
ETO / ELECTRICAL,T04,Alarm monitoring system / UMS,Hệ thống giám sát báo động / UMS,报警监测系统/无人机舱（UMS）,ETO / Chief Engineer,T04.5,Extension alarms to accommodation / bridge and dead-man alarm,TESTED,,,,
ETO / ELECTRICAL,T05,Main engine remote control and safety system,Hệ thống điều khiển từ xa và an toàn máy chính,主机遥控及安全系统,Chief Engineer / ETO,T05.1,Settings documentation and test records,DOC,,,,
ETO / ELECTRICAL,T05,Main engine remote control and safety system,Hệ thống điều khiển từ xa và an toàn máy chính,主机遥控及安全系统,Chief Engineer / ETO,T05.2,Control transfer bridge / ECR / local,TESTED,,,,
ETO / ELECTRICAL,T05,Main engine remote control and safety system,Hệ thống điều khiển từ xa và an toàn máy chính,主机遥控及安全系统,Chief Engineer / ETO,T05.3,Emergency stop from each position where authorized,TESTED,,,,
ETO / ELECTRICAL,T05,Main engine remote control and safety system,Hệ thống điều khiển từ xa và an toàn máy chính,主机遥控及安全系统,Chief Engineer / ETO,T05.4,Shutdown / slowdown functions tested by simulation,TESTED,,,,
ETO / ELECTRICAL,T05,Main engine remote control and safety system,Hệ thống điều khiển từ xa và an toàn máy chính,主机遥控及安全系统,Chief Engineer / ETO,T05.5,Override records reviewed,DOC,,,,
ETO / ELECTRICAL,T06,"Fire detection, general alarm and public address","Báo cháy, báo động chung và truyền thanh",火灾探测、通用报警及广播系统,ETO / designated officer,T06.1,Detector test records and loop drawings,DOC,,,,
ETO / ELECTRICAL,T06,"Fire detection, general alarm and public address","Báo cháy, báo động chung và truyền thanh",火灾探测、通用报警及广播系统,ETO / designated officer,T06.2,Fault / disabled zones log,DOC,,,,
ETO / ELECTRICAL,T06,"Fire detection, general alarm and public address","Báo cháy, báo động chung và truyền thanh",火灾探测、通用报警及广播系统,ETO / designated officer,T06.3,Sample detectors tested per zone,TESTED,,,,
ETO / ELECTRICAL,T06,"Fire detection, general alarm and public address","Báo cháy, báo động chung và truyền thanh",火灾探测、通用报警及广播系统,ETO / designated officer,T06.4,Manual call points tested,TESTED,,,,
ETO / ELECTRICAL,T06,"Fire detection, general alarm and public address","Báo cháy, báo động chung và truyền thanh",火灾探测、通用报警及广播系统,ETO / designated officer,T06.5,General alarm and PA audible in all spaces,TESTED,,,,
ETO / ELECTRICAL,T07,"Electric motors, starters and insulation","Động cơ điện, khởi động từ và cách điện",电动机、启动器及绝缘,ETO,T07.1,Insulation resistance records for critical motors,DOC,,,,
ETO / ELECTRICAL,T07,"Electric motors, starters and insulation","Động cơ điện, khởi động từ và cách điện",电动机、启动器及绝缘,ETO,T07.2,"Starters: contactors, overloads, labelling",INSPECTED,,,,
ETO / ELECTRICAL,T07,"Electric motors, starters and insulation","Động cơ điện, khởi động từ và cách điện",电动机、启动器及绝缘,ETO,T07.3,"Motors: noise, vibration, temperature",SEEN,,,,
ETO / ELECTRICAL,T07,"Electric motors, starters and insulation","Động cơ điện, khởi động từ và cách điện",电动机、启动器及绝缘,ETO,T07.4,Insulation measurement on selected motors (isolated),TESTED,,,,
ETO / ELECTRICAL,T08,Internal communication,Thông tin nội bộ,船内通信,ETO / 2/O,T08.1,Sound-powered telephones bridge ↔ steering gear ↔ ECR ↔ emergency stations,TESTED,,,,
ETO / ELECTRICAL,T08,Internal communication,Thông tin nội bộ,船内通信,ETO / 2/O,T08.2,Talk-back and telephones,TESTED,,,,
ETO / ELECTRICAL,T08,Internal communication,Thông tin nội bộ,船内通信,ETO / 2/O,T08.3,Portable radios,TESTED,,,,
ETO / ELECTRICAL,T09,Deck machinery electrical drives,Truyền động điện máy boong,甲板机械电力驱动,ETO,T09.1,Maintenance history for crane / winch electrical systems,DOC,,,,
ETO / ELECTRICAL,T09,Deck machinery electrical drives,Truyền động điện máy boong,甲板机械电力驱动,ETO,T09.2,"Control panels, VFDs, slip rings, cable reels",INSPECTED,,,,
ETO / ELECTRICAL,T09,Deck machinery electrical drives,Truyền động điện máy boong,甲板机械电力驱动,ETO,T09.3,Limit switches and emergency stops tested with D05 / D06 / D07,TESTED,,,,
ETO / ELECTRICAL,T10,"Navigation lights, signals and searchlights","Đèn hành trình, tín hiệu và đèn pha",航行灯、信号灯及探照灯,ETO / 2/O,T10.1,Navigation lights tested (main and secondary),TESTED,,,,
ETO / ELECTRICAL,T10,"Navigation lights, signals and searchlights","Đèn hành trình, tín hiệu và đèn pha",航行灯、信号灯及探照灯,ETO / 2/O,T10.2,Failure alarm panel tested,TESTED,,,,
ETO / ELECTRICAL,T10,"Navigation lights, signals and searchlights","Đèn hành trình, tín hiệu và đèn pha",航行灯、信号灯及探照灯,ETO / 2/O,T10.3,"Signal lights, NUC, searchlights tested",TESTED,,,,
ETO / ELECTRICAL,T11,"Remote valve control, tank gauging and level / water ingress alarms","Điều khiển van từ xa, đo két và báo động mức nước",遥控阀、液位遥测及液位/进水报警,ETO / Chief Officer,T11.1,System documentation and test records,DOC,,,,
ETO / ELECTRICAL,T11,"Remote valve control, tank gauging and level / water ingress alarms","Điều khiển van từ xa, đo két và báo động mức nước",遥控阀、液位遥测及液位/进水报警,ETO / Chief Officer,T11.2,Remote valves operated and indicators compared with actual position,TESTED,,,,
ETO / ELECTRICAL,T11,"Remote valve control, tank gauging and level / water ingress alarms","Điều khiển van từ xa, đo két và báo động mức nước",遥控阀、液位遥测及液位/进水报警,ETO / Chief Officer,T11.3,Tank gauging compared with manual sounding,TESTED,,,,
ETO / ELECTRICAL,T11,"Remote valve control, tank gauging and level / water ingress alarms","Điều khiển van từ xa, đo két và báo động mức nước",遥控阀、液位遥测及液位/进水报警,ETO / Chief Officer,T11.4,Level / water ingress alarms tested where fitted,TESTED,,,,
